"id","cost","boundary"
0.13,22477.9900609889,1596865.4096755
0.115,22522.9174783074,1605775.9303435
0.085,22462.2891295623,1626137.59596951
0.07,22455.6153756717,1639295.1884395
0.055,22440.0284282066,1644136.4646555
0.04,22299.8958674615,1683539.1785595
0.025,22134.0774929473,1701033.47660751
0.1,22526.2126052898,1604850.4928815
0.01,21402.4968285624,1920217.9020195
0.001,20521.5132457085,3079979.00166349
1e-04,20443.3384268644,3601762.7675475
0,20443.5635511468,3755398.8066455
