"id","cost","boundary"
0.13,22433.7316144537,1603819.7003975
0.115,22494.2763129714,1605837.3937515
0.085,22535.5513549041,1621568.8536215
0.07,22440.2966972063,1622979.1152495
0.055,22366.0947671865,1662373.085538
0.04,22355.1121227224,1628924.84352401
0.025,22087.8077670813,1820618.97750951
0.1,22475.2047888594,1605517.8208475
0.01,21225.8402538327,1968737.4648935
0.001,20335.197289921,3098460.66199199
1e-04,20296.1075577288,3595372.81326899
0,20422.5508725143,3791366.211057
